<edmx:Edmx xmlns:edmx="http://docs.oasis-open.org/odata/ns/edmx" Version="4.0">
    <edmx:Reference Uri="https://sap.github.io/odata-vocabularies/vocabularies/UI.xml">
        <edmx:Include Namespace="com.sap.vocabularies.UI.v1" Alias="UI" />
    </edmx:Reference>
    <edmx:Reference Uri="https://sap.github.io/odata-vocabularies/vocabularies/Common.xml">
        <edmx:Include Namespace="com.sap.vocabularies.Common.v1" Alias="Common" />
    </edmx:Reference>
    <edmx:Reference Uri="/sap/opu/odata/sap/ZCS_UI_GRPL_O2/$metadata">
        <edmx:Include Namespace="cds_zcs_grpl" />
    </edmx:Reference>
    <edmx:DataServices>
        <Schema xmlns="http://docs.oasis-open.org/odata/ns/edm" Namespace="local">
            <Annotations Target="cds_zcs_grpl.ServiceDocumentType/VTLStatus">
                <Annotation Term="com.sap.vocabularies.Common.v1.FieldControl" EnumMember="Common.FieldControlType/ReadOnly" />
            </Annotations>
            <Annotations Target="cds_zcs_grpl.ServiceDocumentType/WarrantyInterval">
                <Annotation Term="com.sap.vocabularies.Common.v1.FieldControl" EnumMember="Common.FieldControlType/ReadOnly" />
            </Annotations>
            <Annotations Target="cds_zcs_grpl.ServiceDocumentType/CalibrationInterval">
                <Annotation Term="com.sap.vocabularies.Common.v1.FieldControl" EnumMember="Common.FieldControlType/ReadOnly" />
            </Annotations>
            <!--Annotations Target="cds_zcs_grpl.ServiceDocumentType/ConfigUUID">
                <Annotation Term="com.sap.vocabularies.Common.v1.FieldControl" EnumMember="Common.FieldControlType/ReadOnly" />
            </Annotations-->
            <Annotations Target="cds_zcs_grpl.ServiceDocumentType/DocumentStatus">
                <Annotation Term="com.sap.vocabularies.Common.v1.FieldControl" EnumMember="Common.FieldControlType/ReadOnly" />
            </Annotations>
            <Annotations Target="cds_zcs_grpl.ServiceDocumentType/DeviceConfigMaterialNo">
                <Annotation Term="com.sap.vocabularies.Common.v1.FieldControl" EnumMember="Common.FieldControlType/ReadOnly" />
            </Annotations>
            <Annotations Target="cds_zcs_grpl.ServiceDocumentType/IsConfidential">
                <Annotation Term="com.sap.vocabularies.Common.v1.FieldControl" EnumMember="Common.FieldControlType/ReadOnly" />
            </Annotations>
            <Annotations Target="cds_zcs_grpl.ServiceDocumentType/BaseMaterial">
                <Annotation Term="com.sap.vocabularies.Common.v1.FieldControl" EnumMember="Common.FieldControlType/ReadOnly" />
            </Annotations>
           
            <Annotations Target="cds_zcs_grpl.ServiceOptionType/ServiceMaterial">
                <Annotation Term="com.sap.vocabularies.Common.v1.FieldControl" EnumMember="Common.FieldControlType/ReadOnly" />
            </Annotations>
            <Annotations Target="cds_zcs_grpl.ServiceOptionType/Currency">
                <Annotation Term="com.sap.vocabularies.Common.v1.FieldControl" EnumMember="Common.FieldControlType/ReadOnly" />
            </Annotations>
            <Annotations Target="cds_zcs_grpl.ServiceOptionType/IsActive">
                <Annotation Term="com.sap.vocabularies.Common.v1.FieldControl" EnumMember="Common.FieldControlType/ReadOnly" />
            </Annotations>

            <Annotations Target="cds_zcs_grpl.ServiceDocumentType">
                <Annotation Term="UI.PresentationVariant">
                    <Record Type="UI.PresentationVariantType">
                        <PropertyValue Property="SortOrder">
                            <Collection>
                                <Record type="Common.SortOrderType">
                                    <PropertyValue Property="Property" PropertyPath="LastChangedAt" />
                                    <PropertyValue Property="Descending" Bool="true" />
                                </Record>
                               
                            </Collection>
                        </PropertyValue>
                    </Record>
                </Annotation>
            </Annotations>
 
// At the entity level you must also define the Aggregation.CustomAggregate annotation which has the property name as the qualifier: 
<Annotations Target="cds_zcs_grpl.ServiceOptionType">
    <Annotation Term="Aggregation.CustomAggregate" Qualifier="ServiceKey" String="Edm.Decimal"/>
</Annotations>
            <Annotations Target="cds_zcs_grpl.ServiceOptionType">
                <Annotation Term="UI.PresentationVariant">
                    <Record Type="UI.PresentationVariantType">
                        <PropertyValue Property="SortOrder">
                            <Collection>
                                <Record type="Common.SortOrderType">
                                    <PropertyValue Property="Property" PropertyPath="ServiceKey" />
                                    <PropertyValue Property="Descending" Bool="false" />
                                </Record>
                            </Collection>
                        </PropertyValue>
                        <PropertyValue Property="GroupBy">
                            <Collection>
                                 <Record type="Common.GroupBy">
                                    <PropertyValue Property="Property" PropertyPath="ServiceKey" />
                                </Record>
                            </Collection>
                        </PropertyValue>
                    </Record>
                </Annotation>
            </Annotations>
        </Schema>
    </edmx:DataServices>
</edmx:Edmx>
